{"James":[45.26666666666692],"Tim":[25.319444444444773]}